AwardID,DriverID,AwardName,AwardDescription,AwardImage,Date
1,22,lobortis ligula sit amet,sapien ut nunc vestibulum ante ipsum primis in,/path/to/file1.jpg,2023-10-20
2,26,augue vel accumsan tellus nisi eu,odio odio elementum eu interdum,/path/to/file1.jpg,2023-04-09
3,8,morbi a ipsum,tellus in sagittis dui vel,/path/to/file1.jpg,2023-10-24
4,16,tincidunt nulla mollis molestie,eu sapien cursus vestibulum proin eu mi nulla,/path/to/file1.jpg,2023-05-14
5,26,purus phasellus in felis,nulla facilisi cras non velit nec,/path/to/file1.jpg,2023-06-06
6,4,interdum mauris ullamcorper purus,quam nec dui luctus rutrum nulla,/path/to/file1.jpg,2023-03-02
7,1,fermentum justo nec condimentum,enim in tempor turpis nec,/path/to/file1.jpg,2023-07-28
8,27,at nulla suspendisse,nec euismod scelerisque quam turpis,/path/to/file1.jpg,2023-03-22
9,9,felis fusce posuere felis sed lacus,scelerisque quam turpis adipiscing lorem vitae mattis,/path/to/file1.jpg,2023-10-08
10,22,sed magna at nunc commodo placerat,massa donec dapibus duis at velit eu,/path/to/file1.jpg,2023-09-07
11,23,justo lacinia eget tincidunt eget tempus,nam nulla integer pede justo lacinia eget tincidunt,/path/to/file1.jpg,2023-08-15
12,23,augue vestibulum ante,nibh in lectus pellentesque at nulla suspendisse potenti,/path/to/file1.jpg,2023-10-22
13,14,vestibulum sagittis sapien cum,vehicula consequat morbi a ipsum integer a,/path/to/file1.jpg,2023-10-05
14,11,cras mi pede malesuada in imperdiet,lorem ipsum dolor sit amet consectetuer adipiscing,/path/to/file1.jpg,2023-10-09
15,10,nunc purus phasellus in felis,libero nullam sit amet turpis elementum,/path/to/file1.jpg,2023-03-06
